{
  "contacts": [
    {
      "lastName": "ANSEN",
      "firstName": "Daniel",
      "phoneFixed": "03 88 62 08 29",
      "phoneMobile": "06 52 60 99 90",
      "email": "daniel@ansen.fr",
      "address": "2 place du Docteur Nessmann",
      "postalCode": "67310",
      "city": "Westhoffen",
      "isMember": false
    },
    {
      "lastName": "BAUER",
      "firstName": "Rachel",
      "phoneMobile": "06 37 24 64 97",
      "email": "nativelr@hotmail.com",
      "address": "5 rue du Lac",
      "postalCode": "67380",
      "city": "Lingolsheim",
      "birthDate": "26/06/1983",
      "isMember": false
    },
    {
      "lastName": "BAUER",
      "firstName": "Pierre",
      "phoneFixed": "03 88 69 03 51",
      "phoneMobile": "06 78 90 99 39",
      "email": "pierre@bauer-alsace.com",
      "address": "2 rue Haute",
      "postalCode": "67117",
      "city": "Hurtigheim",
      "birthDate": "25/11/1985",
      "isMember": true
    },
    {
      "lastName": "BEZ",
      "firstName": "Claude",
      "phoneFixed": "03 88 72 35 06",
      "phoneMobile": "06 88 50 46 57",
      "email": "bezcl@wanadoo.fr",
      "address": "3A rue des Marais",
      "postalCode": "67240",
      "city": "Kurtzenhouse",
      "birthDate": "29/08/1959",
      "isMember": true
    },
    {
      "lastName": "BEZ",
      "firstName": "Margrit",
      "phoneFixed": "03 88 72 35 06",
      "email": "margrit.bez@orange.fr",
      "address": "3A Rue des Marais",
      "postalCode": "67240",
      "city": "Kurtzenhouse",
      "birthDate": "22/07/1957",
      "isMember": true
    },
    {
      "lastName": "BIELLMANN",
      "firstName": "Bernadette",
      "phoneFixed": "03 88 44 07 58",
      "email": "bernadette.biellmann@dbmail.com",
      "address": "25 rue de Kembs",
      "postalCode": "67100",
      "city": "Strasbourg",
      "birthDate": "19/05/1900",
      "isMember": false
    },
    {
      "lastName": "BOBOSEKE",
      "firstName": "Henriette",
      "phoneFixed": "03 88 39 42 11",
      "phoneMobile": "06 40 58 14 53",
      "email": "henriettemasala@yahoo.fr",
      "address": "18 avenue de Normandie",
      "postalCode": "67100",
      "city": "Strasbourg",
      "birthDate": "15/09/1952",
      "isMember": true
    },
    {
      "lastName": "CARDOSO",
      "firstName": "Maria",
      "phoneFixed": "09 50 09 96 21",
      "phoneMobile": "07 70 85 91 08",
      "email": "mariadagloria.husson@gmail.com",
      "address": "30 rue Rohan",
      "postalCode": "67230",
      "city": "Benfeld",
      "birthDate": "25/12/1955",
      "isMember": true
    },
    {
      "lastName": "CHAPELLE",
      "firstName": "Christiane",
      "phoneFixed": "03 88 84 72 80",
      "email": "christiane.chapelle@orange.fr",
      "address": "10 rue des Vergers",
      "postalCode": "67800",
      "city": "Bischheim",
      "birthDate": "09/04/1946",
      "isMember": false
    },
    {
      "lastName": "CLAVER",
      "firstName": "Alexandre",
      "phoneFixed": "03 88 20 16 05",
      "address": "6 rue de l'Ortenbourg",
      "postalCode": "67450",
      "city": "Mundolsheim",
      "birthDate": "13/07/1982",
      "isMember": false
    },
    {
      "lastName": "CLAVER",
      "firstName": "Marie-Rose",
      "phoneFixed": "03 88 20 16 05",
      "email": "mrose55@hotmail.com",
      "address": "6 rue de l'Ortenbourg",
      "postalCode": "67450",
      "city": "Mundolsheim",
      "birthDate": "27/04/1949",
      "isMember": false
    },
    {
      "lastName": "CLAVER",
      "firstName": "Sylvain",
      "phoneFixed": "03 88 20 16 05",
      "email": "mrose55@hotmail.com",
      "address": "6 rue de l'Ortenbourg",
      "postalCode": "67450",
      "city": "Mundolsheim",
      "birthDate": "27/04/1949",
      "isMember": true
    },
    {
      "lastName": "DE ALMEIDA",
      "firstName": "Anne- Gaëlle",
      "phoneFixed": "09 52 39 31 84",
      "phoneMobile": "06 13 31 58 03",
      "email": "ag.dealmeida@orange.fr",
      "address": "4A rue de Matzenheim",
      "postalCode": "67150",
      "city": "Erstein",
      "birthDate": "06/08/1984",
      "isMember": true
    },
    {
      "lastName": "DE ALMEIDA",
      "firstName": "Philippe",
      "phoneFixed": "09 52 39 31 84",
      "phoneMobile": "06 22 27 05 13",
      "email": "gaphil78@hotmail.com",
      "address": "4A rue de Matzenheim",
      "postalCode": "67150",
      "city": "Erstein",
      "birthDate": "10/01/1984",
      "isMember": true
    },
    {
      "lastName": "DEGAIL",
      "firstName": "Christiane",
      "phoneMobile": "06 85 91 10 79",
      "email": "christ.degail@gmail.com",
      "isMember": false
    },
    {
      "lastName": "DRUCKER-BUCHHOLD",
      "firstName": "Danielle",
      "phoneFixed": "09 51 00 76 53",
      "phoneMobile": "06 34 14 24 84",
      "email": "drucker.danielle@gmail.com",
      "address": "1 Bis rue de la Cigogne",
      "postalCode": "67600",
      "city": "Sélestat",
      "birthDate": "18/11/1955",
      "isMember": true
    },
    {
      "lastName": "DUMAY",
      "firstName": "Aline",
      "phoneFixed": "09 51 53 47 73",
      "phoneMobile": "06 51 00 59 05",
      "email": "dumay.aline@gmail.com",
      "address": "35a rue de l’ancienne Église",
      "postalCode": "67760",
      "city": "Gambsheim",
      "birthDate": "01/11/1985",
      "isMember": true
    },
    {
      "lastName": "DUMAY",
      "firstName": "Anne",
      "phoneFixed": "09 53 01 57 58",
      "email": "anne67117@gmail.com",
      "address": "6A Route de Strasbourg",
      "postalCode": "67117",
      "city": "Furdenheim",
      "birthDate": "11/08/2001",
      "isMember": true
    },
    {
      "lastName": "DUMAY",
      "firstName": "Anthony",
      "email": "antony-dumay67@outlook.fr",
      "address": "21 rue Westerend",
      "postalCode": "67310",
      "city": "Westhoffen",
      "birthDate": "07/07/2002",
      "isMember": false
    },
    {
      "lastName": "DUMAY",
      "firstName": "Déline",
      "phoneFixed": "09 53 01 57 58",
      "phoneMobile": "06 52 22 40 25",
      "email": "delinedumay@gmail.com",
      "address": "6A Route de Strasbourg",
      "postalCode": "67117",
      "city": "Furdenheim",
      "isMember": false
    },
    {
      "lastName": "DUMAY",
      "firstName": "Derissaint",
      "phoneFixed": "03 88 30 06 34",
      "phoneMobile": "06 52 59 61 20",
      "address": "60 rue Laennec",
      "postalCode": "67200",
      "city": "Strasbourg",
      "birthDate": "04/01/1946",
      "isMember": true
    },
    {
      "lastName": "DUMAY",
      "firstName": "Emma",
      "address": "101 Grand Rue",
      "postalCode": "67360",
      "city": "Walbourg",
      "birthDate": "18/02/2021",
      "isMember": false
    },
    {
      "lastName": "DUMAY",
      "firstName": "Gladinia",
      "phoneFixed": "03 88 63 56 61",
      "email": "will.dumay@laposte.net",
      "address": "6 rue des Roseaux",
      "postalCode": "67240",
      "city": "Bischwiller",
      "birthDate": "13/05/1977",
      "isMember": true
    },
    {
      "lastName": "DUMAY",
      "firstName": "Guerline",
      "phoneFixed": "03 88 72 45 14",
      "phoneMobile": "06 03 28 49 97",
      "email": "gailine.dumay@laposte.net",
      "address": "101 Grand Rue",
      "postalCode": "67360",
      "city": "Walbourg",
      "birthDate": "02/09/1900",
      "isMember": false
    },
    {
      "lastName": "DUMAY",
      "firstName": "Jacqueline",
      "phoneFixed": "09 52 21 74 30",
      "email": "jmdumay@hotmail.fr",
      "address": "21 rue Westerend",
      "postalCode": "67310",
      "city": "Westhoffen",
      "birthDate": "28/07/1973",
      "isMember": true
    },
    {
      "lastName": "DUMAY",
      "firstName": "Jean- Marie",
      "phoneFixed": "09 52 21 74 30",
      "email": "jmdumay@hotmail.fr",
      "address": "21 rue Westerend",
      "postalCode": "67310",
      "city": "Westhoffen",
      "isMember": false
    },
    {
      "lastName": "DUMAY",
      "firstName": "Kevin",
      "address": "6 rue des Roseaux",
      "postalCode": "67240",
      "city": "Bischwiller",
      "birthDate": "19/12/2003",
      "isMember": false
    },
    {
      "lastName": "DUMAY",
      "firstName": "Kiara",
      "address": "6 rue des Roseaux",
      "postalCode": "67240",
      "city": "Bischwiller",
      "birthDate": "03/02/2009",
      "isMember": false
    },
    {
      "lastName": "DUMAY",
      "firstName": "Lafrance",
      "phoneFixed": "03 88 72 45 14",
      "email": "lafrancedumay770@msn.com",
      "address": "101 Grand Rue",
      "postalCode": "67360",
      "city": "Walbourg",
      "isMember": false
    },
    {
      "lastName": "DUMAY",
      "firstName": "Lisa",
      "phoneFixed": "09 53 01 57 58",
      "address": "6A Route de Strasbourg",
      "postalCode": "67117",
      "city": "Furdenheim",
      "birthDate": "10/04/2006",
      "isMember": false
    },
    {
      "lastName": "DUMAY",
      "firstName": "Mélia",
      "address": "12 rue Jean Philippe Schoenfeld",
      "postalCode": "67200",
      "city": "Strasbourg",
      "birthDate": "02/03/2012",
      "isMember": false
    },
    {
      "lastName": "DUMAY",
      "firstName": "Nadia",
      "phoneFixed": "03 88 30 06 34",
      "phoneMobile": "06 70 73 94 66",
      "email": "dumaynadia@gmail.com",
      "address": "60 rue Laennec",
      "postalCode": "67200",
      "city": "Strasbourg",
      "birthDate": "05/08/1984",
      "isMember": true
    },
    {
      "lastName": "DUMAY",
      "firstName": "Rico",
      "phoneFixed": "09 51 53 47 73",
      "phoneMobile": "06 78 19 43 20",
      "email": "rico.dumay@gmail.com",
      "address": "35a rue de l’ancienne Église",
      "postalCode": "67760",
      "city": "Gambsheim",
      "birthDate": "14/12/1985",
      "isMember": true
    },
    {
      "lastName": "DUMAY",
      "firstName": "Samuel",
      "email": "sam-dumay@live.fr",
      "address": "21 rue Westerend",
      "postalCode": "67310",
      "city": "Westhoffen",
      "birthDate": "07/04/2001",
      "isMember": false
    },
    {
      "lastName": "DUMAY",
      "firstName": "Sarah",
      "phoneFixed": "09 53 01 57 58",
      "address": "6A Route de Strasbourg",
      "postalCode": "67117",
      "city": "Furdenheim",
      "birthDate": "14/04/2012",
      "isMember": false
    },
    {
      "lastName": "DUMAY",
      "firstName": "Thomas",
      "address": "6 rue des Roseaux",
      "postalCode": "67240",
      "city": "Bischwiller",
      "birthDate": "03/02/2009",
      "isMember": false
    },
    {
      "lastName": "DUMAY",
      "firstName": "William",
      "address": "6 rue des Roseaux",
      "postalCode": "67240",
      "city": "Bischwiller",
      "birthDate": "01/12/2000",
      "isMember": false
    },
    {
      "lastName": "DUMAY",
      "firstName": "Wilsaint",
      "phoneFixed": "03 88 63 56 61",
      "email": "will.dumay@laposte.net",
      "address": "6 rue des Roseaux",
      "postalCode": "67240",
      "city": "Bischwiller",
      "birthDate": "28/01/1974",
      "isMember": true
    },
    {
      "lastName": "DUMAY",
      "firstName": "Wisler",
      "phoneFixed": "09 53 01 57 58",
      "phoneMobile": "06 74 57 93 77",
      "email": "wislerdumay@msn.com",
      "address": "6A Route de Strasbourg",
      "postalCode": "67117",
      "city": "Furdenheim",
      "birthDate": "23/04/1972",
      "isMember": true
    },
    {
      "lastName": "DUMAY",
      "firstName": "Yoann",
      "address": "21 rue Westerend",
      "postalCode": "67310",
      "city": "Westhoffen",
      "birthDate": "01/08/2004",
      "isMember": false
    },
    {
      "lastName": "DUMAY",
      "firstName": "Ziliamise",
      "phoneFixed": "03 88 30 06 34",
      "address": "60 rue Laennec",
      "postalCode": "67200",
      "city": "Strasbourg",
      "birthDate": "03/09/1945",
      "isMember": true
    },
    {
      "lastName": "FRANTZ",
      "firstName": "Christine",
      "phoneFixed": "09 50 77 79 83",
      "phoneMobile": "06 95 78 57 92",
      "email": "frantz.christine67@gmail.com",
      "address": "8 rue de la Riviere",
      "postalCode": "67230",
      "city": "Huttenheim",
      "birthDate": "24/01/1949",
      "isMember": true
    },
    {
      "lastName": "GAENTZLER",
      "firstName": "Eric",
      "phoneFixed": "09 51 68 18 19",
      "phoneMobile": "06 62 97 19 34",
      "email": "ergaentzler@laposte.net",
      "address": "15a rue Fritz",
      "postalCode": "67000",
      "city": "Strasbourg",
      "birthDate": "14/07/1964",
      "isMember": true
    },
    {
      "lastName": "HACKETT",
      "firstName": "Glyn",
      "phoneFixed": "03 88 79 05 05",
      "phoneMobile": "06 61 51 47 65",
      "email": "glyn.hackett@eglise-ebs.com",
      "address": "32 rue du Languedoc",
      "postalCode": "67100",
      "city": "Strasbourg",
      "isMember": false
    },
    {
      "lastName": "HAESSIG",
      "firstName": "Daniel",
      "phoneFixed": "03 88 67 20 58",
      "phoneMobile": "07 82 35 15 82",
      "email": "daniel.haessig@cus-strasbourg.net",
      "address": "6 rue du Gabon",
      "postalCode": "67400",
      "city": "Illkirch",
      "birthDate": "27/02/1958",
      "isMember": true
    },
    {
      "lastName": "HUEBER",
      "firstName": "Ginette",
      "phoneFixed": "03 88 28 70 76",
      "email": "hueber.raymond@neuf.fr",
      "address": "4 rue du Scharrach",
      "postalCode": "67200",
      "city": "Strasbourg",
      "birthDate": "22/12/1939",
      "isMember": false
    },
    {
      "lastName": "HUEBER",
      "firstName": "Raymond",
      "phoneFixed": "03 88 28 70 76",
      "email": "hueber.raymond@neuf.fr",
      "address": "4 rue du Scharrach",
      "postalCode": "67200",
      "city": "Strasbourg",
      "birthDate": "03/07/1945",
      "isMember": false
    },
    {
      "lastName": "HUREY",
      "firstName": "Liliane",
      "phoneFixed": "03 88 84 33 25",
      "phoneMobile": "06 78 64 17 50",
      "email": "hurey.liliane@orange.fr",
      "address": "3 rue des Combattants africains",
      "postalCode": "67100",
      "city": "Strasbourg",
      "birthDate": "09/09/1947",
      "isMember": true
    },
    {
      "lastName": "LEA",
      "firstName": "Jenny",
      "phoneFixed": "03 69 48 43 57 07 61 03 87 43",
      "phoneMobile": "07 61 03 87 43",
      "email": "jlea@adfinternational.org",
      "address": "17 rue de Bâle",
      "postalCode": "67540",
      "city": "Ostwald",
      "birthDate": "5/02/1983",
      "isMember": false
    },
    {
      "lastName": "LECOULTRE",
      "firstName": "Brigitte",
      "phoneFixed": "03 88 78 06 46",
      "phoneMobile": "06 74 62 69 61",
      "email": "brigitte.lecoultre@yahoo.fr",
      "address": "11 rue des Cygnes",
      "postalCode": "67201",
      "city": "Eckolsheim",
      "birthDate": "27/06/1953",
      "isMember": false
    },
    {
      "lastName": "LHERMENAULT",
      "firstName": "Mireille",
      "phoneFixed": "09 80 31 80 94",
      "email": "philippe.lhermenault@gmail.com",
      "address": "7 rue Brigade Alsace-Lorraine",
      "postalCode": "67000",
      "city": "Strasbourg",
      "birthDate": "19/02/1933",
      "isMember": true
    },
    {
      "lastName": "LHERMENAULT",
      "firstName": "Philippe",
      "phoneFixed": "09 80 31 80 94",
      "phoneMobile": "06 08 69 78 59",
      "email": "philippe.lhermenault@gmail.com",
      "address": "7 rue Brigade Alsace-Lorraine",
      "postalCode": "67000",
      "city": "Strasbourg",
      "birthDate": "02/06/1931",
      "isMember": true
    },
    {
      "lastName": "LOEFFLER",
      "firstName": "Karine",
      "phoneFixed": "03 88 62 08 29",
      "email": "karineloeffler@yahoo.fr",
      "address": "2 place du Docteur Nessmann",
      "postalCode": "67310",
      "city": "Westhoffen",
      "isMember": false
    },
    {
      "lastName": "MEHN",
      "firstName": "Véronique",
      "phoneMobile": "06 60 92 46 32",
      "email": "vmehn@free.fr",
      "address": "21 rue Prosper Mérimée",
      "postalCode": "67100",
      "city": "Strasbourg",
      "isMember": false
    },
    {
      "lastName": "MERLE",
      "firstName": "Jacques",
      "phoneFixed": "03 69 36 04 70",
      "phoneMobile": "06 80 70 24 27",
      "email": "jmerle@estvideo.fr",
      "address": "16 rue des Soeurs",
      "postalCode": "67380",
      "city": "Lingolsheim",
      "isMember": false
    },
    {
      "lastName": "MEYKUCHEL",
      "firstName": "Priscilla",
      "isMember": false
    },
    {
      "lastName": "MOSER",
      "firstName": "Evelyne",
      "phoneFixed": "03 88 08 84 39",
      "address": "8 rue du Bannscheid",
      "postalCode": "67140",
      "city": "Barr",
      "isMember": false
    },
    {
      "lastName": "NERCHUCK",
      "firstName": "Jeanne",
      "phoneFixed": "03 88 79 81 83",
      "phoneMobile": "06 71 08 65 15",
      "email": "jeanne.nerchuk@orange.fr",
      "address": "5 rue des Fleurs",
      "postalCode": "67960",
      "city": "Entzheim",
      "birthDate": "12/10/1900",
      "isMember": false
    },
    {
      "lastName": "NOCHELSKI",
      "firstName": "Maëlle",
      "phoneFixed": "03 88 08 94 92",
      "email": "maelle.renouard@wanadoo.fr",
      "birthDate": "16/02/1990",
      "isMember": false
    },
    {
      "lastName": "NOE - HUCKENDUBLER",
      "firstName": "Madeleine & Jean-Paul",
      "phoneFixed": "03 69 02 20 77",
      "phoneMobile": "06 75 59 28 62",
      "email": "mado.noe@orange.fr",
      "address": "67 Grand Rue",
      "postalCode": "67110",
      "city": "Gundershoffen",
      "birthDate": "02/09/1954",
      "isMember": false
    },
    {
      "lastName": "NZAKU",
      "firstName": "Jacques Norbert",
      "phoneFixed": "03 69 82 02 21",
      "phoneMobile": "06 98 58 84 41",
      "email": "pastornzakujacknorbert@gmail.com",
      "address": "13 rue du Hohwald - Ch. 125",
      "postalCode": "67000",
      "city": "Strasbourg",
      "birthDate": "17/05/1959",
      "isMember": true
    },
    {
      "lastName": "NZICKOU MAKANY",
      "firstName": "Claire",
      "phoneFixed": "03 69 06 76 80",
      "phoneMobile": "06 75 77 99 48",
      "email": "claire@makany.fr",
      "address": "203 C Grand-rue de l'église",
      "postalCode": "67230",
      "city": "Westhouse",
      "birthDate": "19/12/1987",
      "isMember": true
    },
    {
      "lastName": "NZICKOU MAKANY",
      "firstName": "Elie",
      "phoneFixed": "03 69 06 76 80",
      "phoneMobile": "06 28 57 06 63",
      "email": "elie@makany.fr",
      "address": "203 C Grand-rue de l'église",
      "postalCode": "67230",
      "city": "Westhouse",
      "birthDate": "13/05/1984",
      "isMember": true
    },
    {
      "lastName": "NZICKOU MAKANY",
      "firstName": "Kiessé Selma",
      "address": "203 C Grand-rue de l'église",
      "postalCode": "67230",
      "city": "Westhouse",
      "birthDate": "02/04/2014",
      "isMember": false
    },
    {
      "lastName": "NZICKOU MAKANY",
      "firstName": "Siama",
      "address": "203 C Grand-rue de l'église",
      "postalCode": "67230",
      "city": "Westhouse",
      "birthDate": "19/06/2017",
      "isMember": false
    },
    {
      "lastName": "OLHAGARAY",
      "firstName": "Catherine",
      "phoneFixed": "03 88 61 76 58",
      "email": "laurent.olhagaray@bbox.fr",
      "address": "54 rue du Général Conrad",
      "postalCode": "67000",
      "city": "Strasbourg",
      "birthDate": "30/05/1900",
      "isMember": true
    },
    {
      "lastName": "OLHAGARAY",
      "firstName": "Elisabeth",
      "email": "eli.olhagaray@hotmail.fr",
      "address": "54 rue du Général Conrad",
      "postalCode": "67000",
      "city": "Strasbourg",
      "birthDate": "27/07/1998",
      "isMember": false
    },
    {
      "lastName": "OLHAGARAY",
      "firstName": "Laurent",
      "phoneFixed": "03 88 61 76 58",
      "email": "laurent.olhagaray@bbox.fr",
      "address": "54 rue du Général Conrad",
      "postalCode": "67000",
      "city": "Strasbourg",
      "birthDate": "31/10/1900",
      "isMember": false
    },
    {
      "lastName": "OLHAGARAY",
      "firstName": "Marie",
      "email": "marie.olhagaray@hotmail.fr",
      "address": "54 rue du Général Conrad",
      "postalCode": "67000",
      "city": "Strasbourg",
      "birthDate": "04/05/1995",
      "isMember": true
    },
    {
      "lastName": "OLIVEIRA",
      "firstName": "Grace",
      "phoneMobile": "07 61 04 13 11",
      "email": "guidagrace3@hotmail.com",
      "address": "2 rue des Cerises",
      "postalCode": "67201",
      "city": "Eckbolsheim",
      "isMember": false
    },
    {
      "lastName": "PASTANT",
      "firstName": "Nicolas",
      "phoneMobile": "06 14 34 42 77",
      "email": "kroutek@hotmail.fr",
      "address": "10 rue de Lausanne",
      "postalCode": "67380",
      "city": "Lingolsheim",
      "isMember": false
    },
    {
      "lastName": "RAPHAEL",
      "firstName": "Monalise",
      "phoneFixed": "03 88 79 16 27",
      "address": "10 rue du Marschalhof",
      "postalCode": "67100",
      "city": "Strasbourg",
      "birthDate": "30/06/1963",
      "isMember": true
    },
    {
      "lastName": "RENOUARD",
      "firstName": "Jean-Claude",
      "phoneFixed": "03 88 89 78 21",
      "phoneMobile": "06 75 42 63 78",
      "email": "jc.renouard@orange.fr",
      "address": "8 rue du Rocher",
      "postalCode": "67290",
      "city": "Rosteig",
      "birthDate": "30/12/1957",
      "isMember": true
    },
    {
      "lastName": "RENOUARD",
      "firstName": "Sonia",
      "phoneFixed": "03 88 89 78 21",
      "phoneMobile": "06 79 12 30 72",
      "email": "sonia.renouard@wanadoo.fr",
      "address": "8 rue du Rocher",
      "postalCode": "67230",
      "city": "Rosteig",
      "birthDate": "09/02/1956",
      "isMember": true
    },
    {
      "lastName": "SCHLOSSER",
      "firstName": "Damien",
      "isMember": false
    },
    {
      "lastName": "SCHLOSSER",
      "firstName": "Daphnée",
      "email": "daphneeschlosser@yahoo.fr",
      "address": "31 rue du Général Koenig",
      "postalCode": "67150",
      "city": "Gerstheim",
      "birthDate": "31/07/2001",
      "isMember": true
    },
    {
      "lastName": "SCHLOSSER",
      "firstName": "Esther",
      "phoneFixed": "03 88 98 30 56",
      "phoneMobile": "07 77 78 92 78",
      "email": "epschlosser@wanadoo.fr",
      "address": "31 rue du Général Koenig",
      "postalCode": "67150",
      "city": "Gerstheim",
      "birthDate": "17/10/1960",
      "isMember": true
    },
    {
      "lastName": "SCHLOSSER",
      "firstName": "Fabrice",
      "phoneFixed": "03 67 99 76 21",
      "phoneMobile": "06 08 25 27 59",
      "email": "fabschlosser67@yahoo.fr",
      "address": "25 rue St Quentin",
      "postalCode": "67150",
      "city": "Erstein-Krafft",
      "birthDate": "21/09/1992",
      "isMember": true
    },
    {
      "lastName": "SCHLOSSER",
      "firstName": "Pierre",
      "phoneFixed": "03 88 98 30 56",
      "phoneMobile": "06 07 32 69 92",
      "email": "pschlosser@wanadoo.fr",
      "address": "31 rue du Général Koenig",
      "postalCode": "67150",
      "city": "Gerstheim",
      "birthDate": "10/06/1958",
      "isMember": true
    },
    {
      "lastName": "SCHNEIDER",
      "firstName": "André",
      "phoneFixed": "03 88 81 34 21",
      "email": "andre.schneider@evc.net",
      "address": "1 rue Noire",
      "postalCode": "67800",
      "city": "Bischheim",
      "birthDate": "23/03/1955",
      "isMember": true
    },
    {
      "lastName": "SCHNEIDER",
      "firstName": "Clairette",
      "phoneFixed": "03 88 81 34 21",
      "email": "schneider.clairette@gmail.com",
      "address": "1 rue Noire",
      "postalCode": "67800",
      "city": "Bischheim",
      "birthDate": "14/10/1959",
      "isMember": true
    },
    {
      "lastName": "SIEGRIST",
      "firstName": "Jean- Pierre",
      "phoneFixed": "03 88 66 01 29",
      "phoneMobile": "06 03 25 89 55",
      "email": "jp@famille-siegrist.net",
      "address": "25 rue des Lilas",
      "postalCode": "67400",
      "city": "Illkirch",
      "birthDate": "11/07/1945",
      "isMember": true
    },
    {
      "lastName": "SIEGRIST",
      "firstName": "Miriam",
      "phoneFixed": "03 88 66 01 29",
      "phoneMobile": "06 18 56 15 42",
      "email": "miriam@famille-siegrist.net",
      "address": "25 rue des Lilas",
      "postalCode": "67400",
      "city": "Illkirch",
      "birthDate": "19/06/1945",
      "isMember": true
    },
    {
      "lastName": "SOSSAH",
      "firstName": "Flore",
      "phoneFixed": "03 88 78 67 71",
      "phoneMobile": "07 88 09 16 38",
      "email": "svialo@yahoo.fr",
      "address": "40 rue de la Chênaie",
      "postalCode": "67201",
      "city": "Eckbolsheim",
      "isMember": false
    },
    {
      "lastName": "STECK",
      "firstName": "Robert",
      "phoneFixed": "03 88 81 69 42",
      "phoneMobile": "06 62 83 38 35",
      "email": "robert.steck@laposte.net",
      "address": "34 rue Nationale",
      "postalCode": "67800",
      "city": "Bischheim",
      "isMember": false
    },
    {
      "lastName": "THALGOTT",
      "firstName": "Irène",
      "phoneFixed": "03 88 74 42 34",
      "phoneMobile": "06 07 91 00 03",
      "address": "3 rue du château",
      "postalCode": "67230",
      "city": "Benfeld",
      "birthDate": "25/12/1929",
      "isMember": false
    },
    {
      "lastName": "THALGOTT",
      "firstName": "Joas",
      "phoneFixed": "03 88 74 71 99",
      "email": "jsatfamille.thalgott@orange.fr",
      "address": "6 rue du Mulbach",
      "postalCode": "67230",
      "city": "Sermersheim",
      "isMember": false
    },
    {
      "lastName": "THALGOTT",
      "firstName": "Sylviane",
      "phoneFixed": "03 88 74 71 99",
      "email": "jsatfamille.thalgott@orange.fr",
      "address": "6 rue du Mulbach",
      "postalCode": "67230",
      "city": "Sermersheim",
      "isMember": false
    },
    {
      "lastName": "THOBOIS",
      "firstName": "Christophe",
      "phoneMobile": "06 77 45 59 18",
      "email": "christophe.thobois@laposte.net",
      "address": "30 rue Berlioz",
      "postalCode": "67450",
      "city": "Mundolsheim",
      "birthDate": "09/07/1979",
      "isMember": true
    },
    {
      "lastName": "THOBOIS",
      "firstName": "David",
      "phoneFixed": "03 88 20 52 83",
      "phoneMobile": "06 77 51 67 93",
      "email": "david.thobois@laposte.net",
      "address": "12 rue Strauss",
      "postalCode": "67450",
      "city": "Mundolsheim",
      "birthDate": "25/08/1977",
      "isMember": true
    },
    {
      "lastName": "THOBOIS",
      "firstName": "Francis",
      "phoneFixed": "03 88 20 52 83",
      "phoneMobile": "06 86 43 94 62",
      "email": "thoboisfrancis@wanadoo.fr",
      "address": "12 rue Strauss",
      "postalCode": "67450",
      "city": "Mundolsheim",
      "birthDate": "23/01/1948",
      "isMember": false
    },
    {
      "lastName": "THOBOIS",
      "firstName": "Ruth",
      "phoneFixed": "03 88 20 52 83",
      "phoneMobile": "06 40 40 94 29",
      "email": "thoboisfrancis@wanadoo.fr",
      "address": "12 rue Strauss",
      "postalCode": "67450",
      "city": "Mundolsheim",
      "birthDate": "07/07/1900",
      "isMember": false
    },
    {
      "lastName": "THOBOIS",
      "firstName": "Sara",
      "phoneFixed": "0041 52 53 31 30",
      "phoneMobile": "0041 76 402 56 31",
      "email": "sarathobois@yahoo.fr",
      "address": "Im unterer Landmannsbungert 8",
      "postalCode": "8196",
      "city": "Wil / Zh",
      "birthDate": "23/10/1981",
      "isMember": false
    },
    {
      "lastName": "TREBAOL",
      "firstName": "Anaëlle",
      "phoneFixed": "03 88 08 94 92",
      "phoneMobile": "06 71 78 73 10",
      "email": "anaelle.renouard@orange.fr",
      "birthDate": "08/02/1988",
      "isMember": false
    },
    {
      "lastName": "VIGNERON",
      "firstName": "Françoise",
      "phoneMobile": "06 89 65 07 28",
      "email": "francoise.vigneron@laposte.net",
      "address": "13 rue Adrien Zeller",
      "postalCode": "67600",
      "city": "Sélestat",
      "isMember": false
    },
    {
      "lastName": "WALLIMANN",
      "firstName": "Jean-Marc",
      "phoneFixed": "03 69 48 43 57",
      "phoneMobile": "07 69 66 75 37",
      "email": "jmwallimann@hotmail.com",
      "address": "17 rue de Bâle",
      "postalCode": "67540",
      "city": "Ostwald",
      "birthDate": "15/07/1979",
      "isMember": false
    },
    {
      "lastName": "WENTZ",
      "firstName": "Eddie",
      "phoneFixed": "03 88 98 36 16",
      "email": "eddiewentz@orange.fr",
      "address": "10 rue Allès sur Dordogne",
      "postalCode": "67230",
      "city": "Obenheim",
      "birthDate": "04/04/1960",
      "isMember": false
    },
    {
      "lastName": "WENTZ",
      "firstName": "Isabelle",
      "phoneFixed": "03 88 98 36 16",
      "phoneMobile": "06 70 61 25 56",
      "email": "isabelle.wentz@wanadoo.fr",
      "address": "10 rue Allès sur Dordogne",
      "postalCode": "67230",
      "city": "Obenheim",
      "birthDate": "27/07/1962",
      "isMember": true
    },
    {
      "lastName": "XIONG",
      "firstName": "Mao",
      "address": "11 rue des Suédois",
      "postalCode": "67118",
      "city": "Geispolsheim",
      "isMember": false
    },
    {
      "lastName": "YA",
      "firstName": "Mbi",
      "phoneFixed": "09 51 09 97 12",
      "address": "11 rue des Suédois",
      "postalCode": "67118",
      "city": "Geispolsheim",
      "isMember": false
    },
    {
      "lastName": "YA",
      "firstName": "Xia-ly",
      "phoneFixed": "09 51 09 97 12",
      "phoneMobile": "06 98 40 57 22",
      "email": "xialyya@hotmail.fr",
      "address": "11 rue des Suédois",
      "postalCode": "67118",
      "city": "Geispolsheim",
      "birthDate": "12/04/1978",
      "isMember": true
    },
    {
      "lastName": "YA",
      "firstName": "Jinna",
      "birthDate": "12/08/1999",
      "isMember": false
    },
    {
      "lastName": "YA",
      "firstName": "Noémie",
      "birthDate": "16/08/2000",
      "isMember": false
    },
    {
      "lastName": "YANG",
      "firstName": "Canshie",
      "email": "yang.evelynecanshie@gmail.com",
      "address": "61 Avenue Molière",
      "postalCode": "67200",
      "city": "Strasbourg",
      "isMember": false
    }
  ]
}